[
    {
        "name": "Comedy",
        "count": 3021,
        "representative_anime": "Fullmetal Alchemist: Brotherhood",
        "image": "https://cdn.myanimelist.net/images/anime/5/47421.jpg"
    },
    {
        "name": "Action",
        "count": 2051,
        "representative_anime": "One Piece",
        "image": "https://cdn.myanimelist.net/images/anime/6/73245.jpg"
    },
    {
        "name": "Fantasy",
        "count": 1441,
        "representative_anime": "Shingeki no Kyojin",
        "image": "https://cdn.myanimelist.net/images/anime/10/47347.jpg"
    },
    {
        "name": "Adventure",
        "count": 1355,
        "representative_anime": "Hunter x Hunter (2011)",
        "image": "https://cdn.myanimelist.net/images/anime/11/33657.jpg"
    },
    {
        "name": "Drama",
        "count": 1338,
        "representative_anime": "Code Geass: Hangyaku no Lelouch",
        "image": "https://cdn.myanimelist.net/images/anime/5/50331.jpg"
    },
    {
        "name": "Sci-Fi",
        "count": 1318,
        "representative_anime": "Steins;Gate",
        "image": "https://cdn.myanimelist.net/images/anime/5/73199.jpg"
    },
    {
        "name": "Shounen",
        "count": 1182,
        "representative_anime": "Death Note",
        "image": "https://cdn.myanimelist.net/images/anime/9/9453.jpg"
    },
    {
        "name": "Romance",
        "count": 1177,
        "representative_anime": "Sword Art Online",
        "image": "https://cdn.myanimelist.net/images/anime/11/39717.jpg"
    },
    {
        "name": "School",
        "count": 1004,
        "representative_anime": "Shigatsu wa Kimi no Uso",
        "image": "https://cdn.myanimelist.net/images/anime/3/67177.jpg"
    },
    {
        "name": "Slice of Life",
        "count": 927,
        "representative_anime": "Clannad: After Story",
        "image": "https://cdn.myanimelist.net/images/anime/13/24647.jpg"
    },
    {
        "name": "Supernatural",
        "count": 860,
        "representative_anime": "Bleach",
        "image": "https://cdn.myanimelist.net/images/anime/3/40451.jpg"
    },
    {
        "name": "Magic",
        "count": 604,
        "representative_anime": "Fairy Tail",
        "image": "https://cdn.myanimelist.net/images/anime/5/18179.jpg"
    },
    {
        "name": "Mecha",
        "count": 543,
        "representative_anime": "Tengen Toppa Gurren Lagann",
        "image": "https://cdn.myanimelist.net/images/anime/4/5123.jpg"
    },
    {
        "name": "Seinen",
        "count": 470,
        "representative_anime": "One Punch Man",
        "image": "https://cdn.myanimelist.net/images/anime/12/76049.jpg"
    },
    {
        "name": "Mystery",
        "count": 454,
        "representative_anime": "Tokyo Ghoul",
        "image": "https://cdn.myanimelist.net/images/anime/5/64449.jpg"
    },
    {
        "name": "Shoujo",
        "count": 440,
        "representative_anime": "Ouran Koukou Host Club",
        "image": "https://cdn.myanimelist.net/images/anime/2/71992.jpg"
    },
    {
        "name": "Historical",
        "count": 425,
        "representative_anime": "Gintama",
        "image": "https://cdn.myanimelist.net/images/anime/10/73274.jpg"
    },
    {
        "name": "Kids",
        "count": 406,
        "representative_anime": "Pokemon",
        "image": "https://cdn.myanimelist.net/images/anime/13/73834.jpg"
    },
    {
        "name": "Super Power",
        "count": 367,
        "representative_anime": "Code Geass: Hangyaku no Lelouch R2",
        "image": "https://cdn.myanimelist.net/images/anime/4/9391.jpg"
    },
    {
        "name": "Sports",
        "count": 338,
        "representative_anime": "Haikyuu!!",
        "image": "https://cdn.myanimelist.net/images/anime/7/76014.jpg"
    },
    {
        "name": "Music",
        "count": 329,
        "representative_anime": "K-On!",
        "image": "https://cdn.myanimelist.net/images/anime/10/76120.jpg"
    },
    {
        "name": "Military",
        "count": 312,
        "representative_anime": "Fullmetal Alchemist",
        "image": "https://cdn.myanimelist.net/images/anime/10/75815.jpg"
    },
    {
        "name": "Parody",
        "count": 267,
        "representative_anime": "FLCL",
        "image": "https://cdn.myanimelist.net/images/anime/7/77356.jpg"
    },
    {
        "name": "Space",
        "count": 247,
        "representative_anime": "Cowboy Bebop",
        "image": "https://cdn.myanimelist.net/images/anime/4/19644.jpg"
    },
    {
        "name": "Horror",
        "count": 227,
        "representative_anime": "Elfen Lied",
        "image": "https://cdn.myanimelist.net/images/anime/10/6883.jpg"
    },
    {
        "name": "Demons",
        "count": 223,
        "representative_anime": "Kuroshitsuji",
        "image": "https://cdn.myanimelist.net/images/anime/5/27013.jpg"
    },
    {
        "name": "Psychological",
        "count": 206,
        "representative_anime": "Neon Genesis Evangelion",
        "image": "https://cdn.myanimelist.net/images/anime/12/21418.jpg"
    },
    {
        "name": "Martial Arts",
        "count": 193,
        "representative_anime": "Naruto: Shippuuden",
        "image": "https://cdn.myanimelist.net/images/anime/5/17407.jpg"
    },
    {
        "name": "Game",
        "count": 168,
        "representative_anime": "Death Parade",
        "image": "https://cdn.myanimelist.net/images/anime/5/71553.jpg"
    },
    {
        "name": "Police",
        "count": 155,
        "representative_anime": "Psycho-Pass",
        "image": "https://cdn.myanimelist.net/images/anime/5/43399.jpg"
    },
    {
        "name": "Samurai",
        "count": 102,
        "representative_anime": "Samurai Champloo",
        "image": "https://cdn.myanimelist.net/images/anime/11/29134.jpg"
    },
    {
        "name": "Vampire",
        "count": 100,
        "representative_anime": "Bakemonogatari",
        "image": "https://cdn.myanimelist.net/images/anime/11/75274.jpg"
    },
    {
        "name": "Thriller",
        "count": 79,
        "representative_anime": "Mahou Shoujo Madoka\u2605Magica",
        "image": "https://cdn.myanimelist.net/images/anime/11/55225.jpg"
    },
    {
        "name": "Dementia",
        "count": 47,
        "representative_anime": "Higurashi no Naku Koro ni",
        "image": "https://cdn.myanimelist.net/images/anime/12/19634.jpg"
    },
    {
        "name": "Cars",
        "count": 41,
        "representative_anime": "Initial D First Stage",
        "image": "https://cdn.myanimelist.net/images/anime/13/6801.jpg"
    }
]