[
    {
        "from": "A-1 Pictures",
        "value": 0,
        "id": "none",
        "info": "Number of animes producted : 174",
        "type": "studio"
    },
    {
        "from": "AIC",
        "value": 0,
        "id": "none",
        "info": "Number of animes producted : 161",
        "type": "studio"
    },
    {
        "from": "J.C.Staff",
        "value": 0,
        "id": "none",
        "info": "Number of animes producted : 251",
        "type": "studio"
    },
    {
        "from": "Madhouse",
        "value": 0,
        "id": "none",
        "info": "Number of animes producted : 277",
        "type": "studio"
    },
    {
        "from": "Production I.G",
        "value": 0,
        "id": "none",
        "info": "Number of animes producted : 222",
        "type": "studio"
    },
    {
        "from": "Studio Deen",
        "value": 0,
        "id": "none",
        "info": "Number of animes producted : 223",
        "type": "studio"
    },
    {
        "from": "Studio Pierrot",
        "value": 0,
        "id": "none",
        "info": "Number of animes producted : 248",
        "type": "studio"
    },
    {
        "from": "Sunrise",
        "value": 0,
        "id": "none",
        "info": "Number of animes producted : 291",
        "type": "studio"
    },
    {
        "from": "TMS Entertainment",
        "value": 0,
        "id": "none",
        "info": "Number of animes producted : 172",
        "type": "studio"
    },
    {
        "from": "Toei Animation",
        "value": 0,
        "id": "none",
        "info": "Number of animes producted : 419",
        "type": "studio"
    },
    {
        "from": "Action",
        "value": 0,
        "id": "none",
        "info": "Number of animes : 912",
        "type": "genre"
    },
    {
        "from": "Adventure",
        "value": 0,
        "id": "none",
        "info": "Number of animes : 632",
        "type": "genre"
    },
    {
        "from": "Comedy",
        "value": 0,
        "id": "none",
        "info": "Number of animes : 1173",
        "type": "genre"
    },
    {
        "from": "Drama",
        "value": 0,
        "id": "none",
        "info": "Number of animes : 614",
        "type": "genre"
    },
    {
        "from": "Fantasy",
        "value": 0,
        "id": "none",
        "info": "Number of animes : 592",
        "type": "genre"
    },
    {
        "from": "10.0",
        "value": 0,
        "id": "none",
        "info": "Number of animes : 0",
        "type": "note"
    },
    {
        "from": "9.0",
        "value": 0,
        "id": "none",
        "info": "Number of animes : 75",
        "type": "note"
    },
    {
        "from": "8.0",
        "value": 0,
        "id": "none",
        "info": "Number of animes : 1291",
        "type": "note"
    },
    {
        "from": "7.0",
        "value": 0,
        "id": "none",
        "info": "Number of animes : 1865",
        "type": "note"
    },
    {
        "from": "6.0",
        "value": 0,
        "id": "none",
        "info": "Number of animes : 611",
        "type": "note"
    },
    {
        "from": "5.0",
        "value": 0,
        "id": "none",
        "info": "Number of animes : 63",
        "type": "note"
    },
    {
        "from": "4.0",
        "value": 0,
        "id": "none",
        "info": "Number of animes : 12",
        "type": "note"
    },
    {
        "from": "3.0",
        "value": 0,
        "id": "none",
        "info": "Number of animes : 4",
        "type": "note"
    },
    {
        "from": "2.0",
        "value": 0,
        "id": "none",
        "info": "Number of animes : 2",
        "type": "note"
    },
    {
        "from": "1.0",
        "value": 0,
        "id": "none",
        "info": "Number of animes : 0",
        "type": "note"
    },
    {
        "from": "0.0",
        "value": 0,
        "id": "none",
        "info": "Number of animes : 0",
        "type": "note"
    },
    {
        "from": "A-1 Pictures",
        "to": "Adventure",
        "value": 28,
        "id": "APsAd-0",
        "type": "link"
    },
    {
        "from": "A-1 Pictures",
        "to": "Drama",
        "value": 25,
        "id": "APsDr-0",
        "type": "link"
    },
    {
        "from": "A-1 Pictures",
        "to": "Action",
        "value": 66,
        "id": "APsAc-0",
        "type": "link"
    },
    {
        "from": "A-1 Pictures",
        "to": "Comedy",
        "value": 85,
        "id": "APsCo-0",
        "type": "link"
    },
    {
        "from": "A-1 Pictures",
        "to": "Fantasy",
        "value": 59,
        "id": "APsFa-0",
        "type": "link"
    },
    {
        "from": "AIC",
        "to": "Adventure",
        "value": 33,
        "id": "AICAd-0",
        "type": "link"
    },
    {
        "from": "AIC",
        "to": "Drama",
        "value": 28,
        "id": "AICDr-0",
        "type": "link"
    },
    {
        "from": "AIC",
        "to": "Action",
        "value": 55,
        "id": "AICAc-0",
        "type": "link"
    },
    {
        "from": "AIC",
        "to": "Comedy",
        "value": 92,
        "id": "AICCo-0",
        "type": "link"
    },
    {
        "from": "AIC",
        "to": "Fantasy",
        "value": 26,
        "id": "AICFa-0",
        "type": "link"
    },
    {
        "from": "J.C.Staff",
        "to": "Adventure",
        "value": 38,
        "id": "JCfAd-0",
        "type": "link"
    },
    {
        "from": "J.C.Staff",
        "to": "Drama",
        "value": 66,
        "id": "JCfDr-0",
        "type": "link"
    },
    {
        "from": "J.C.Staff",
        "to": "Action",
        "value": 60,
        "id": "JCfAc-0",
        "type": "link"
    },
    {
        "from": "J.C.Staff",
        "to": "Comedy",
        "value": 139,
        "id": "JCfCo-0",
        "type": "link"
    },
    {
        "from": "J.C.Staff",
        "to": "Fantasy",
        "value": 53,
        "id": "JCfFa-0",
        "type": "link"
    },
    {
        "from": "Madhouse",
        "to": "Adventure",
        "value": 78,
        "id": "MaeAd-0",
        "type": "link"
    },
    {
        "from": "Madhouse",
        "to": "Drama",
        "value": 110,
        "id": "MaeDr-0",
        "type": "link"
    },
    {
        "from": "Madhouse",
        "to": "Action",
        "value": 93,
        "id": "MaeAc-0",
        "type": "link"
    },
    {
        "from": "Madhouse",
        "to": "Comedy",
        "value": 107,
        "id": "MaeCo-0",
        "type": "link"
    },
    {
        "from": "Madhouse",
        "to": "Fantasy",
        "value": 63,
        "id": "MaeFa-0",
        "type": "link"
    },
    {
        "from": "Production I.G",
        "to": "Adventure",
        "value": 35,
        "id": "PrGAd-0",
        "type": "link"
    },
    {
        "from": "Production I.G",
        "to": "Drama",
        "value": 61,
        "id": "PrGDr-0",
        "type": "link"
    },
    {
        "from": "Production I.G",
        "to": "Action",
        "value": 81,
        "id": "PrGAc-0",
        "type": "link"
    },
    {
        "from": "Production I.G",
        "to": "Comedy",
        "value": 87,
        "id": "PrGCo-0",
        "type": "link"
    },
    {
        "from": "Production I.G",
        "to": "Fantasy",
        "value": 45,
        "id": "PrGFa-0",
        "type": "link"
    },
    {
        "from": "Studio Deen",
        "to": "Adventure",
        "value": 34,
        "id": "StnAd-0",
        "type": "link"
    },
    {
        "from": "Studio Deen",
        "to": "Drama",
        "value": 64,
        "id": "StnDr-0",
        "type": "link"
    },
    {
        "from": "Studio Deen",
        "to": "Action",
        "value": 66,
        "id": "StnAc-0",
        "type": "link"
    },
    {
        "from": "Studio Deen",
        "to": "Comedy",
        "value": 129,
        "id": "StnCo-0",
        "type": "link"
    },
    {
        "from": "Studio Deen",
        "to": "Fantasy",
        "value": 51,
        "id": "StnFa-0",
        "type": "link"
    },
    {
        "from": "Studio Pierrot",
        "to": "Adventure",
        "value": 75,
        "id": "SttAd-0",
        "type": "link"
    },
    {
        "from": "Studio Pierrot",
        "to": "Drama",
        "value": 52,
        "id": "SttDr-0",
        "type": "link"
    },
    {
        "from": "Studio Pierrot",
        "to": "Action",
        "value": 91,
        "id": "SttAc-0",
        "type": "link"
    },
    {
        "from": "Studio Pierrot",
        "to": "Comedy",
        "value": 137,
        "id": "SttCo-0",
        "type": "link"
    },
    {
        "from": "Studio Pierrot",
        "to": "Fantasy",
        "value": 42,
        "id": "SttFa-0",
        "type": "link"
    },
    {
        "from": "Sunrise",
        "to": "Adventure",
        "value": 71,
        "id": "SueAd-0",
        "type": "link"
    },
    {
        "from": "Sunrise",
        "to": "Drama",
        "value": 84,
        "id": "SueDr-0",
        "type": "link"
    },
    {
        "from": "Sunrise",
        "to": "Action",
        "value": 161,
        "id": "SueAc-0",
        "type": "link"
    },
    {
        "from": "Sunrise",
        "to": "Comedy",
        "value": 84,
        "id": "SueCo-0",
        "type": "link"
    },
    {
        "from": "Sunrise",
        "to": "Fantasy",
        "value": 32,
        "id": "SueFa-0",
        "type": "link"
    },
    {
        "from": "TMS Entertainment",
        "to": "Adventure",
        "value": 70,
        "id": "TMtAd-0",
        "type": "link"
    },
    {
        "from": "TMS Entertainment",
        "to": "Drama",
        "value": 29,
        "id": "TMtDr-0",
        "type": "link"
    },
    {
        "from": "TMS Entertainment",
        "to": "Action",
        "value": 52,
        "id": "TMtAc-0",
        "type": "link"
    },
    {
        "from": "TMS Entertainment",
        "to": "Comedy",
        "value": 102,
        "id": "TMtCo-0",
        "type": "link"
    },
    {
        "from": "TMS Entertainment",
        "to": "Fantasy",
        "value": 29,
        "id": "TMtFa-0",
        "type": "link"
    },
    {
        "from": "Toei Animation",
        "to": "Adventure",
        "value": 170,
        "id": "TonAd-0",
        "type": "link"
    },
    {
        "from": "Toei Animation",
        "to": "Drama",
        "value": 95,
        "id": "TonDr-0",
        "type": "link"
    },
    {
        "from": "Toei Animation",
        "to": "Action",
        "value": 187,
        "id": "TonAc-0",
        "type": "link"
    },
    {
        "from": "Toei Animation",
        "to": "Comedy",
        "value": 211,
        "id": "TonCo-0",
        "type": "link"
    },
    {
        "from": "Toei Animation",
        "to": "Fantasy",
        "value": 192,
        "id": "TonFa-0",
        "type": "link"
    },
    {
        "from": "Fantasy",
        "to": "2.0",
        "value": 1,
        "id": "TonFa-1",
        "type": "link"
    },
    {
        "from": "Fantasy",
        "to": "5.0",
        "value": 3,
        "id": "TonFa-1",
        "type": "link"
    },
    {
        "from": "Fantasy",
        "to": "6.0",
        "value": 16,
        "id": "TonFa-1",
        "type": "link"
    },
    {
        "from": "Fantasy",
        "to": "7.0",
        "value": 123,
        "id": "TonFa-1",
        "type": "link"
    },
    {
        "from": "Fantasy",
        "to": "8.0",
        "value": 48,
        "id": "TonFa-1",
        "type": "link"
    },
    {
        "from": "Fantasy",
        "to": "9.0",
        "value": 1,
        "id": "TonFa-1",
        "type": "link"
    },
    {
        "from": "Comedy",
        "to": "2.0",
        "value": 1,
        "id": "TonCo-1",
        "type": "link"
    },
    {
        "from": "Comedy",
        "to": "4.0",
        "value": 1,
        "id": "TonCo-1",
        "type": "link"
    },
    {
        "from": "Comedy",
        "to": "5.0",
        "value": 2,
        "id": "TonCo-1",
        "type": "link"
    },
    {
        "from": "Comedy",
        "to": "6.0",
        "value": 42,
        "id": "TonCo-1",
        "type": "link"
    },
    {
        "from": "Comedy",
        "to": "7.0",
        "value": 112,
        "id": "TonCo-1",
        "type": "link"
    },
    {
        "from": "Comedy",
        "to": "8.0",
        "value": 51,
        "id": "TonCo-1",
        "type": "link"
    },
    {
        "from": "Comedy",
        "to": "9.0",
        "value": 2,
        "id": "TonCo-1",
        "type": "link"
    },
    {
        "from": "Action",
        "to": "5.0",
        "value": 2,
        "id": "TonAc-1",
        "type": "link"
    },
    {
        "from": "Action",
        "to": "6.0",
        "value": 27,
        "id": "TonAc-1",
        "type": "link"
    },
    {
        "from": "Action",
        "to": "7.0",
        "value": 112,
        "id": "TonAc-1",
        "type": "link"
    },
    {
        "from": "Action",
        "to": "8.0",
        "value": 45,
        "id": "TonAc-1",
        "type": "link"
    },
    {
        "from": "Action",
        "to": "9.0",
        "value": 1,
        "id": "TonAc-1",
        "type": "link"
    },
    {
        "from": "Drama",
        "to": "5.0",
        "value": 1,
        "id": "TonDr-1",
        "type": "link"
    },
    {
        "from": "Drama",
        "to": "6.0",
        "value": 7,
        "id": "TonDr-1",
        "type": "link"
    },
    {
        "from": "Drama",
        "to": "7.0",
        "value": 49,
        "id": "TonDr-1",
        "type": "link"
    },
    {
        "from": "Drama",
        "to": "8.0",
        "value": 36,
        "id": "TonDr-1",
        "type": "link"
    },
    {
        "from": "Drama",
        "to": "9.0",
        "value": 2,
        "id": "TonDr-1",
        "type": "link"
    },
    {
        "from": "Adventure",
        "to": "5.0",
        "value": 1,
        "id": "TonAd-1",
        "type": "link"
    },
    {
        "from": "Adventure",
        "to": "6.0",
        "value": 21,
        "id": "TonAd-1",
        "type": "link"
    },
    {
        "from": "Adventure",
        "to": "7.0",
        "value": 95,
        "id": "TonAd-1",
        "type": "link"
    },
    {
        "from": "Adventure",
        "to": "8.0",
        "value": 52,
        "id": "TonAd-1",
        "type": "link"
    },
    {
        "from": "Adventure",
        "to": "9.0",
        "value": 1,
        "id": "TonAd-1",
        "type": "link"
    },
    {
        "from": "Fantasy",
        "to": "5.0",
        "value": 1,
        "id": "SueFa-1",
        "type": "link"
    },
    {
        "from": "Fantasy",
        "to": "6.0",
        "value": 7,
        "id": "SueFa-1",
        "type": "link"
    },
    {
        "from": "Fantasy",
        "to": "7.0",
        "value": 15,
        "id": "SueFa-1",
        "type": "link"
    },
    {
        "from": "Fantasy",
        "to": "8.0",
        "value": 9,
        "id": "SueFa-1",
        "type": "link"
    },
    {
        "from": "Comedy",
        "to": "5.0",
        "value": 2,
        "id": "SueCo-1",
        "type": "link"
    },
    {
        "from": "Comedy",
        "to": "6.0",
        "value": 6,
        "id": "SueCo-1",
        "type": "link"
    },
    {
        "from": "Comedy",
        "to": "7.0",
        "value": 36,
        "id": "SueCo-1",
        "type": "link"
    },
    {
        "from": "Comedy",
        "to": "8.0",
        "value": 33,
        "id": "SueCo-1",
        "type": "link"
    },
    {
        "from": "Comedy",
        "to": "9.0",
        "value": 7,
        "id": "SueCo-1",
        "type": "link"
    },
    {
        "from": "Action",
        "to": "5.0",
        "value": 1,
        "id": "SueAc-1",
        "type": "link"
    },
    {
        "from": "Action",
        "to": "6.0",
        "value": 16,
        "id": "SueAc-1",
        "type": "link"
    },
    {
        "from": "Action",
        "to": "7.0",
        "value": 79,
        "id": "SueAc-1",
        "type": "link"
    },
    {
        "from": "Action",
        "to": "8.0",
        "value": 56,
        "id": "SueAc-1",
        "type": "link"
    },
    {
        "from": "Action",
        "to": "9.0",
        "value": 9,
        "id": "SueAc-1",
        "type": "link"
    },
    {
        "from": "Drama",
        "to": "6.0",
        "value": 9,
        "id": "SueDr-1",
        "type": "link"
    },
    {
        "from": "Drama",
        "to": "7.0",
        "value": 39,
        "id": "SueDr-1",
        "type": "link"
    },
    {
        "from": "Drama",
        "to": "8.0",
        "value": 33,
        "id": "SueDr-1",
        "type": "link"
    },
    {
        "from": "Drama",
        "to": "9.0",
        "value": 3,
        "id": "SueDr-1",
        "type": "link"
    },
    {
        "from": "Adventure",
        "to": "5.0",
        "value": 1,
        "id": "SueAd-1",
        "type": "link"
    },
    {
        "from": "Adventure",
        "to": "6.0",
        "value": 7,
        "id": "SueAd-1",
        "type": "link"
    },
    {
        "from": "Adventure",
        "to": "7.0",
        "value": 41,
        "id": "SueAd-1",
        "type": "link"
    },
    {
        "from": "Adventure",
        "to": "8.0",
        "value": 21,
        "id": "SueAd-1",
        "type": "link"
    },
    {
        "from": "Adventure",
        "to": "9.0",
        "value": 1,
        "id": "SueAd-1",
        "type": "link"
    },
    {
        "from": "Fantasy",
        "to": "5.0",
        "value": 2,
        "id": "MaeFa-1",
        "type": "link"
    },
    {
        "from": "Fantasy",
        "to": "6.0",
        "value": 9,
        "id": "MaeFa-1",
        "type": "link"
    },
    {
        "from": "Fantasy",
        "to": "7.0",
        "value": 28,
        "id": "MaeFa-1",
        "type": "link"
    },
    {
        "from": "Fantasy",
        "to": "8.0",
        "value": 23,
        "id": "MaeFa-1",
        "type": "link"
    },
    {
        "from": "Fantasy",
        "to": "9.0",
        "value": 1,
        "id": "MaeFa-1",
        "type": "link"
    },
    {
        "from": "Comedy",
        "to": "5.0",
        "value": 2,
        "id": "MaeCo-1",
        "type": "link"
    },
    {
        "from": "Comedy",
        "to": "6.0",
        "value": 18,
        "id": "MaeCo-1",
        "type": "link"
    },
    {
        "from": "Comedy",
        "to": "7.0",
        "value": 46,
        "id": "MaeCo-1",
        "type": "link"
    },
    {
        "from": "Comedy",
        "to": "8.0",
        "value": 34,
        "id": "MaeCo-1",
        "type": "link"
    },
    {
        "from": "Comedy",
        "to": "9.0",
        "value": 7,
        "id": "MaeCo-1",
        "type": "link"
    },
    {
        "from": "Action",
        "to": "5.0",
        "value": 3,
        "id": "MaeAc-1",
        "type": "link"
    },
    {
        "from": "Action",
        "to": "6.0",
        "value": 20,
        "id": "MaeAc-1",
        "type": "link"
    },
    {
        "from": "Action",
        "to": "7.0",
        "value": 37,
        "id": "MaeAc-1",
        "type": "link"
    },
    {
        "from": "Action",
        "to": "8.0",
        "value": 29,
        "id": "MaeAc-1",
        "type": "link"
    },
    {
        "from": "Action",
        "to": "9.0",
        "value": 4,
        "id": "MaeAc-1",
        "type": "link"
    },
    {
        "from": "Drama",
        "to": "5.0",
        "value": 1,
        "id": "MaeDr-1",
        "type": "link"
    },
    {
        "from": "Drama",
        "to": "6.0",
        "value": 17,
        "id": "MaeDr-1",
        "type": "link"
    },
    {
        "from": "Drama",
        "to": "7.0",
        "value": 45,
        "id": "MaeDr-1",
        "type": "link"
    },
    {
        "from": "Drama",
        "to": "8.0",
        "value": 40,
        "id": "MaeDr-1",
        "type": "link"
    },
    {
        "from": "Drama",
        "to": "9.0",
        "value": 7,
        "id": "MaeDr-1",
        "type": "link"
    },
    {
        "from": "Adventure",
        "to": "5.0",
        "value": 1,
        "id": "MaeAd-1",
        "type": "link"
    },
    {
        "from": "Adventure",
        "to": "6.0",
        "value": 14,
        "id": "MaeAd-1",
        "type": "link"
    },
    {
        "from": "Adventure",
        "to": "7.0",
        "value": 34,
        "id": "MaeAd-1",
        "type": "link"
    },
    {
        "from": "Adventure",
        "to": "8.0",
        "value": 27,
        "id": "MaeAd-1",
        "type": "link"
    },
    {
        "from": "Adventure",
        "to": "9.0",
        "value": 2,
        "id": "MaeAd-1",
        "type": "link"
    },
    {
        "from": "Fantasy",
        "to": "4.0",
        "value": 1,
        "id": "JCfFa-1",
        "type": "link"
    },
    {
        "from": "Fantasy",
        "to": "6.0",
        "value": 11,
        "id": "JCfFa-1",
        "type": "link"
    },
    {
        "from": "Fantasy",
        "to": "7.0",
        "value": 28,
        "id": "JCfFa-1",
        "type": "link"
    },
    {
        "from": "Fantasy",
        "to": "8.0",
        "value": 13,
        "id": "JCfFa-1",
        "type": "link"
    },
    {
        "from": "Comedy",
        "to": "5.0",
        "value": 2,
        "id": "JCfCo-1",
        "type": "link"
    },
    {
        "from": "Comedy",
        "to": "6.0",
        "value": 18,
        "id": "JCfCo-1",
        "type": "link"
    },
    {
        "from": "Comedy",
        "to": "7.0",
        "value": 74,
        "id": "JCfCo-1",
        "type": "link"
    },
    {
        "from": "Comedy",
        "to": "8.0",
        "value": 42,
        "id": "JCfCo-1",
        "type": "link"
    },
    {
        "from": "Comedy",
        "to": "9.0",
        "value": 3,
        "id": "JCfCo-1",
        "type": "link"
    },
    {
        "from": "Action",
        "to": "4.0",
        "value": 2,
        "id": "JCfAc-1",
        "type": "link"
    },
    {
        "from": "Action",
        "to": "5.0",
        "value": 3,
        "id": "JCfAc-1",
        "type": "link"
    },
    {
        "from": "Action",
        "to": "6.0",
        "value": 22,
        "id": "JCfAc-1",
        "type": "link"
    },
    {
        "from": "Action",
        "to": "7.0",
        "value": 17,
        "id": "JCfAc-1",
        "type": "link"
    },
    {
        "from": "Action",
        "to": "8.0",
        "value": 16,
        "id": "JCfAc-1",
        "type": "link"
    },
    {
        "from": "Drama",
        "to": "5.0",
        "value": 1,
        "id": "JCfDr-1",
        "type": "link"
    },
    {
        "from": "Drama",
        "to": "6.0",
        "value": 10,
        "id": "JCfDr-1",
        "type": "link"
    },
    {
        "from": "Drama",
        "to": "7.0",
        "value": 30,
        "id": "JCfDr-1",
        "type": "link"
    },
    {
        "from": "Drama",
        "to": "8.0",
        "value": 24,
        "id": "JCfDr-1",
        "type": "link"
    },
    {
        "from": "Drama",
        "to": "9.0",
        "value": 1,
        "id": "JCfDr-1",
        "type": "link"
    },
    {
        "from": "Adventure",
        "to": "6.0",
        "value": 14,
        "id": "JCfAd-1",
        "type": "link"
    },
    {
        "from": "Adventure",
        "to": "7.0",
        "value": 16,
        "id": "JCfAd-1",
        "type": "link"
    },
    {
        "from": "Adventure",
        "to": "8.0",
        "value": 8,
        "id": "JCfAd-1",
        "type": "link"
    },
    {
        "from": "Fantasy",
        "to": "5.0",
        "value": 1,
        "id": "SttFa-1",
        "type": "link"
    },
    {
        "from": "Fantasy",
        "to": "6.0",
        "value": 9,
        "id": "SttFa-1",
        "type": "link"
    },
    {
        "from": "Fantasy",
        "to": "7.0",
        "value": 19,
        "id": "SttFa-1",
        "type": "link"
    },
    {
        "from": "Fantasy",
        "to": "8.0",
        "value": 13,
        "id": "SttFa-1",
        "type": "link"
    },
    {
        "from": "Comedy",
        "to": "5.0",
        "value": 3,
        "id": "SttCo-1",
        "type": "link"
    },
    {
        "from": "Comedy",
        "to": "6.0",
        "value": 35,
        "id": "SttCo-1",
        "type": "link"
    },
    {
        "from": "Comedy",
        "to": "7.0",
        "value": 64,
        "id": "SttCo-1",
        "type": "link"
    },
    {
        "from": "Comedy",
        "to": "8.0",
        "value": 34,
        "id": "SttCo-1",
        "type": "link"
    },
    {
        "from": "Comedy",
        "to": "9.0",
        "value": 1,
        "id": "SttCo-1",
        "type": "link"
    },
    {
        "from": "Action",
        "to": "5.0",
        "value": 2,
        "id": "SttAc-1",
        "type": "link"
    },
    {
        "from": "Action",
        "to": "6.0",
        "value": 19,
        "id": "SttAc-1",
        "type": "link"
    },
    {
        "from": "Action",
        "to": "7.0",
        "value": 40,
        "id": "SttAc-1",
        "type": "link"
    },
    {
        "from": "Action",
        "to": "8.0",
        "value": 29,
        "id": "SttAc-1",
        "type": "link"
    },
    {
        "from": "Action",
        "to": "9.0",
        "value": 1,
        "id": "SttAc-1",
        "type": "link"
    },
    {
        "from": "Drama",
        "to": "6.0",
        "value": 8,
        "id": "SttDr-1",
        "type": "link"
    },
    {
        "from": "Drama",
        "to": "7.0",
        "value": 24,
        "id": "SttDr-1",
        "type": "link"
    },
    {
        "from": "Drama",
        "to": "8.0",
        "value": 19,
        "id": "SttDr-1",
        "type": "link"
    },
    {
        "from": "Drama",
        "to": "9.0",
        "value": 1,
        "id": "SttDr-1",
        "type": "link"
    },
    {
        "from": "Adventure",
        "to": "5.0",
        "value": 2,
        "id": "SttAd-1",
        "type": "link"
    },
    {
        "from": "Adventure",
        "to": "6.0",
        "value": 11,
        "id": "SttAd-1",
        "type": "link"
    },
    {
        "from": "Adventure",
        "to": "7.0",
        "value": 40,
        "id": "SttAd-1",
        "type": "link"
    },
    {
        "from": "Adventure",
        "to": "8.0",
        "value": 22,
        "id": "SttAd-1",
        "type": "link"
    },
    {
        "from": "Fantasy",
        "to": "4.0",
        "value": 1,
        "id": "StnFa-1",
        "type": "link"
    },
    {
        "from": "Fantasy",
        "to": "6.0",
        "value": 4,
        "id": "StnFa-1",
        "type": "link"
    },
    {
        "from": "Fantasy",
        "to": "7.0",
        "value": 25,
        "id": "StnFa-1",
        "type": "link"
    },
    {
        "from": "Fantasy",
        "to": "8.0",
        "value": 21,
        "id": "StnFa-1",
        "type": "link"
    },
    {
        "from": "Comedy",
        "to": "4.0",
        "value": 3,
        "id": "StnCo-1",
        "type": "link"
    },
    {
        "from": "Comedy",
        "to": "5.0",
        "value": 5,
        "id": "StnCo-1",
        "type": "link"
    },
    {
        "from": "Comedy",
        "to": "6.0",
        "value": 16,
        "id": "StnCo-1",
        "type": "link"
    },
    {
        "from": "Comedy",
        "to": "7.0",
        "value": 56,
        "id": "StnCo-1",
        "type": "link"
    },
    {
        "from": "Comedy",
        "to": "8.0",
        "value": 49,
        "id": "StnCo-1",
        "type": "link"
    },
    {
        "from": "Action",
        "to": "5.0",
        "value": 2,
        "id": "StnAc-1",
        "type": "link"
    },
    {
        "from": "Action",
        "to": "6.0",
        "value": 6,
        "id": "StnAc-1",
        "type": "link"
    },
    {
        "from": "Action",
        "to": "7.0",
        "value": 29,
        "id": "StnAc-1",
        "type": "link"
    },
    {
        "from": "Action",
        "to": "8.0",
        "value": 28,
        "id": "StnAc-1",
        "type": "link"
    },
    {
        "from": "Action",
        "to": "9.0",
        "value": 1,
        "id": "StnAc-1",
        "type": "link"
    },
    {
        "from": "Drama",
        "to": "6.0",
        "value": 3,
        "id": "StnDr-1",
        "type": "link"
    },
    {
        "from": "Drama",
        "to": "7.0",
        "value": 20,
        "id": "StnDr-1",
        "type": "link"
    },
    {
        "from": "Drama",
        "to": "8.0",
        "value": 38,
        "id": "StnDr-1",
        "type": "link"
    },
    {
        "from": "Drama",
        "to": "9.0",
        "value": 3,
        "id": "StnDr-1",
        "type": "link"
    },
    {
        "from": "Adventure",
        "to": "5.0",
        "value": 1,
        "id": "StnAd-1",
        "type": "link"
    },
    {
        "from": "Adventure",
        "to": "6.0",
        "value": 1,
        "id": "StnAd-1",
        "type": "link"
    },
    {
        "from": "Adventure",
        "to": "7.0",
        "value": 19,
        "id": "StnAd-1",
        "type": "link"
    },
    {
        "from": "Adventure",
        "to": "8.0",
        "value": 13,
        "id": "StnAd-1",
        "type": "link"
    },
    {
        "from": "Fantasy",
        "to": "3.0",
        "value": 1,
        "id": "PrGFa-1",
        "type": "link"
    },
    {
        "from": "Fantasy",
        "to": "4.0",
        "value": 1,
        "id": "PrGFa-1",
        "type": "link"
    },
    {
        "from": "Fantasy",
        "to": "6.0",
        "value": 13,
        "id": "PrGFa-1",
        "type": "link"
    },
    {
        "from": "Fantasy",
        "to": "7.0",
        "value": 18,
        "id": "PrGFa-1",
        "type": "link"
    },
    {
        "from": "Fantasy",
        "to": "8.0",
        "value": 12,
        "id": "PrGFa-1",
        "type": "link"
    },
    {
        "from": "Comedy",
        "to": "3.0",
        "value": 1,
        "id": "PrGCo-1",
        "type": "link"
    },
    {
        "from": "Comedy",
        "to": "4.0",
        "value": 1,
        "id": "PrGCo-1",
        "type": "link"
    },
    {
        "from": "Comedy",
        "to": "5.0",
        "value": 3,
        "id": "PrGCo-1",
        "type": "link"
    },
    {
        "from": "Comedy",
        "to": "6.0",
        "value": 14,
        "id": "PrGCo-1",
        "type": "link"
    },
    {
        "from": "Comedy",
        "to": "7.0",
        "value": 24,
        "id": "PrGCo-1",
        "type": "link"
    },
    {
        "from": "Comedy",
        "to": "8.0",
        "value": 40,
        "id": "PrGCo-1",
        "type": "link"
    },
    {
        "from": "Comedy",
        "to": "9.0",
        "value": 4,
        "id": "PrGCo-1",
        "type": "link"
    },
    {
        "from": "Action",
        "to": "3.0",
        "value": 1,
        "id": "PrGAc-1",
        "type": "link"
    },
    {
        "from": "Action",
        "to": "5.0",
        "value": 2,
        "id": "PrGAc-1",
        "type": "link"
    },
    {
        "from": "Action",
        "to": "6.0",
        "value": 16,
        "id": "PrGAc-1",
        "type": "link"
    },
    {
        "from": "Action",
        "to": "7.0",
        "value": 26,
        "id": "PrGAc-1",
        "type": "link"
    },
    {
        "from": "Action",
        "to": "8.0",
        "value": 35,
        "id": "PrGAc-1",
        "type": "link"
    },
    {
        "from": "Action",
        "to": "9.0",
        "value": 1,
        "id": "PrGAc-1",
        "type": "link"
    },
    {
        "from": "Drama",
        "to": "5.0",
        "value": 1,
        "id": "PrGDr-1",
        "type": "link"
    },
    {
        "from": "Drama",
        "to": "6.0",
        "value": 4,
        "id": "PrGDr-1",
        "type": "link"
    },
    {
        "from": "Drama",
        "to": "7.0",
        "value": 24,
        "id": "PrGDr-1",
        "type": "link"
    },
    {
        "from": "Drama",
        "to": "8.0",
        "value": 29,
        "id": "PrGDr-1",
        "type": "link"
    },
    {
        "from": "Drama",
        "to": "9.0",
        "value": 3,
        "id": "PrGDr-1",
        "type": "link"
    },
    {
        "from": "Adventure",
        "to": "3.0",
        "value": 1,
        "id": "PrGAd-1",
        "type": "link"
    },
    {
        "from": "Adventure",
        "to": "6.0",
        "value": 8,
        "id": "PrGAd-1",
        "type": "link"
    },
    {
        "from": "Adventure",
        "to": "7.0",
        "value": 20,
        "id": "PrGAd-1",
        "type": "link"
    },
    {
        "from": "Adventure",
        "to": "8.0",
        "value": 6,
        "id": "PrGAd-1",
        "type": "link"
    },
    {
        "from": "Fantasy",
        "to": "5.0",
        "value": 1,
        "id": "APsFa-1",
        "type": "link"
    },
    {
        "from": "Fantasy",
        "to": "6.0",
        "value": 4,
        "id": "APsFa-1",
        "type": "link"
    },
    {
        "from": "Fantasy",
        "to": "7.0",
        "value": 25,
        "id": "APsFa-1",
        "type": "link"
    },
    {
        "from": "Fantasy",
        "to": "8.0",
        "value": 28,
        "id": "APsFa-1",
        "type": "link"
    },
    {
        "from": "Fantasy",
        "to": "9.0",
        "value": 1,
        "id": "APsFa-1",
        "type": "link"
    },
    {
        "from": "Comedy",
        "to": "5.0",
        "value": 2,
        "id": "APsCo-1",
        "type": "link"
    },
    {
        "from": "Comedy",
        "to": "6.0",
        "value": 6,
        "id": "APsCo-1",
        "type": "link"
    },
    {
        "from": "Comedy",
        "to": "7.0",
        "value": 38,
        "id": "APsCo-1",
        "type": "link"
    },
    {
        "from": "Comedy",
        "to": "8.0",
        "value": 37,
        "id": "APsCo-1",
        "type": "link"
    },
    {
        "from": "Comedy",
        "to": "9.0",
        "value": 2,
        "id": "APsCo-1",
        "type": "link"
    },
    {
        "from": "Action",
        "to": "6.0",
        "value": 9,
        "id": "APsAc-1",
        "type": "link"
    },
    {
        "from": "Action",
        "to": "7.0",
        "value": 30,
        "id": "APsAc-1",
        "type": "link"
    },
    {
        "from": "Action",
        "to": "8.0",
        "value": 26,
        "id": "APsAc-1",
        "type": "link"
    },
    {
        "from": "Action",
        "to": "9.0",
        "value": 1,
        "id": "APsAc-1",
        "type": "link"
    },
    {
        "from": "Drama",
        "to": "6.0",
        "value": 6,
        "id": "APsDr-1",
        "type": "link"
    },
    {
        "from": "Drama",
        "to": "7.0",
        "value": 9,
        "id": "APsDr-1",
        "type": "link"
    },
    {
        "from": "Drama",
        "to": "8.0",
        "value": 8,
        "id": "APsDr-1",
        "type": "link"
    },
    {
        "from": "Drama",
        "to": "9.0",
        "value": 2,
        "id": "APsDr-1",
        "type": "link"
    },
    {
        "from": "Adventure",
        "to": "6.0",
        "value": 1,
        "id": "APsAd-1",
        "type": "link"
    },
    {
        "from": "Adventure",
        "to": "7.0",
        "value": 12,
        "id": "APsAd-1",
        "type": "link"
    },
    {
        "from": "Adventure",
        "to": "8.0",
        "value": 15,
        "id": "APsAd-1",
        "type": "link"
    },
    {
        "from": "Fantasy",
        "to": "5.0",
        "value": 2,
        "id": "TMtFa-1",
        "type": "link"
    },
    {
        "from": "Fantasy",
        "to": "6.0",
        "value": 7,
        "id": "TMtFa-1",
        "type": "link"
    },
    {
        "from": "Fantasy",
        "to": "7.0",
        "value": 14,
        "id": "TMtFa-1",
        "type": "link"
    },
    {
        "from": "Fantasy",
        "to": "8.0",
        "value": 5,
        "id": "TMtFa-1",
        "type": "link"
    },
    {
        "from": "Fantasy",
        "to": "9.0",
        "value": 1,
        "id": "TMtFa-1",
        "type": "link"
    },
    {
        "from": "Comedy",
        "to": "4.0",
        "value": 1,
        "id": "TMtCo-1",
        "type": "link"
    },
    {
        "from": "Comedy",
        "to": "5.0",
        "value": 5,
        "id": "TMtCo-1",
        "type": "link"
    },
    {
        "from": "Comedy",
        "to": "6.0",
        "value": 17,
        "id": "TMtCo-1",
        "type": "link"
    },
    {
        "from": "Comedy",
        "to": "7.0",
        "value": 37,
        "id": "TMtCo-1",
        "type": "link"
    },
    {
        "from": "Comedy",
        "to": "8.0",
        "value": 41,
        "id": "TMtCo-1",
        "type": "link"
    },
    {
        "from": "Comedy",
        "to": "9.0",
        "value": 1,
        "id": "TMtCo-1",
        "type": "link"
    },
    {
        "from": "Action",
        "to": "5.0",
        "value": 1,
        "id": "TMtAc-1",
        "type": "link"
    },
    {
        "from": "Action",
        "to": "6.0",
        "value": 5,
        "id": "TMtAc-1",
        "type": "link"
    },
    {
        "from": "Action",
        "to": "7.0",
        "value": 32,
        "id": "TMtAc-1",
        "type": "link"
    },
    {
        "from": "Action",
        "to": "8.0",
        "value": 14,
        "id": "TMtAc-1",
        "type": "link"
    },
    {
        "from": "Drama",
        "to": "6.0",
        "value": 2,
        "id": "TMtDr-1",
        "type": "link"
    },
    {
        "from": "Drama",
        "to": "7.0",
        "value": 12,
        "id": "TMtDr-1",
        "type": "link"
    },
    {
        "from": "Drama",
        "to": "8.0",
        "value": 15,
        "id": "TMtDr-1",
        "type": "link"
    },
    {
        "from": "Adventure",
        "to": "6.0",
        "value": 6,
        "id": "TMtAd-1",
        "type": "link"
    },
    {
        "from": "Adventure",
        "to": "7.0",
        "value": 31,
        "id": "TMtAd-1",
        "type": "link"
    },
    {
        "from": "Adventure",
        "to": "8.0",
        "value": 33,
        "id": "TMtAd-1",
        "type": "link"
    },
    {
        "from": "Fantasy",
        "to": "6.0",
        "value": 11,
        "id": "AICFa-1",
        "type": "link"
    },
    {
        "from": "Fantasy",
        "to": "7.0",
        "value": 11,
        "id": "AICFa-1",
        "type": "link"
    },
    {
        "from": "Fantasy",
        "to": "8.0",
        "value": 4,
        "id": "AICFa-1",
        "type": "link"
    },
    {
        "from": "Comedy",
        "to": "4.0",
        "value": 1,
        "id": "AICCo-1",
        "type": "link"
    },
    {
        "from": "Comedy",
        "to": "6.0",
        "value": 21,
        "id": "AICCo-1",
        "type": "link"
    },
    {
        "from": "Comedy",
        "to": "7.0",
        "value": 49,
        "id": "AICCo-1",
        "type": "link"
    },
    {
        "from": "Comedy",
        "to": "8.0",
        "value": 21,
        "id": "AICCo-1",
        "type": "link"
    },
    {
        "from": "Action",
        "to": "6.0",
        "value": 19,
        "id": "AICAc-1",
        "type": "link"
    },
    {
        "from": "Action",
        "to": "7.0",
        "value": 29,
        "id": "AICAc-1",
        "type": "link"
    },
    {
        "from": "Action",
        "to": "8.0",
        "value": 7,
        "id": "AICAc-1",
        "type": "link"
    },
    {
        "from": "Drama",
        "to": "5.0",
        "value": 1,
        "id": "AICDr-1",
        "type": "link"
    },
    {
        "from": "Drama",
        "to": "6.0",
        "value": 5,
        "id": "AICDr-1",
        "type": "link"
    },
    {
        "from": "Drama",
        "to": "7.0",
        "value": 16,
        "id": "AICDr-1",
        "type": "link"
    },
    {
        "from": "Drama",
        "to": "8.0",
        "value": 6,
        "id": "AICDr-1",
        "type": "link"
    },
    {
        "from": "Adventure",
        "to": "6.0",
        "value": 14,
        "id": "AICAd-1",
        "type": "link"
    },
    {
        "from": "Adventure",
        "to": "7.0",
        "value": 16,
        "id": "AICAd-1",
        "type": "link"
    },
    {
        "from": "Adventure",
        "to": "8.0",
        "value": 3,
        "id": "AICAd-1",
        "type": "link"
    },
    {
        "from": "Fantasy",
        "to": "10.0",
        "value": 1,
        "id": "none",
        "type": "link"
    },
    {
        "from": "Fantasy",
        "to": "0.0",
        "value": 1,
        "id": "none",
        "type": "link"
    },
    {
        "from": "Fantasy",
        "to": "1.0",
        "value": 1,
        "id": "none",
        "type": "link"
    }
]