{
	"A-1 Pictures": {
		"name": "株式会社A-1 Pictures",
		"image": "https://upload.wikimedia.org/wikipedia/commons/d/d9/A-1_Pictures_Logo.svg",
		"description": "A-1 Pictures Inc. (Japanese: 株式会社A-1 Pictures) is a Japanese animation studio founded by ex-Sunrise producer Mikihiro Iwata, a subsidiary of Sony Music Entertainment Japan's anime production firm Aniplex.",
		"date": "2005-05-09",
		"hq": "4-38-18 Naritahigashi, Suginami, Tokyo, Japan",
		"top": [
			{
				"title": "Sword Art Online",
				"aired": "2012-07-08",
				"views": 1802787,
				"image": "https://cdn.myanimelist.net/images/anime/11/39717.webp"
			},
			{
				"title": "Ao no Exorcist",
				"aired": "2011-04-17",
				"views": 1172485,
				"image": "https://cdn.myanimelist.net/images/anime/10/75195.webp"
			},
			{
				"title": "Shigatsu wa Kimi no Uso",
				"aired": "2014-10-10",
				"views": 1109544,
				"image": "https://cdn.myanimelist.net/images/anime/3/67177.webp"
			}
		]
	},
	"AIC": {
		"name": "Anime International Company",
		"image": "https://upload.wikimedia.org/wikipedia/commons/6/6b/AIC_logo.png",
		"description": "Anime International Company, Inc. (Japanese: 株式会社アニメインターナショナルカンパニー), often abbreviated as AIC, is a Japanese animation studio with headquarters in Nerima, Tokyo, Japan.",
		"date": "1982-07-15",
		"hq": "Nerima, Tokyo, Japan",
		"top": [
			{
				"title": "Special A",
				"aired": "2008-07-04",
				"views": 264034,
				"image": "https://cdn.myanimelist.net/images/anime/8/77363.webp"
			},
			{
				"title": "Amagami SS",
				"aired": "2010-07-02",
				"views": 251482,
				"image": "https://cdn.myanimelist.net/images/anime/10/78699.webp"
			},
			{
				"title": "Seto no Hanayome",
				"aired": "2007-04-02",
				"views": 245583,
				"image": "https://cdn.myanimelist.net/images/anime/13/58383.webp"
			}
		]
	},
	"J.C.Staff": {
		"name": "J.C.Staff Co., Ltd.",
		"image": "https://upload.wikimedia.org/wikipedia/commons/f/f5/J.C.Staff_Logo.svg",
		"description": "J.C.Staff Co., Ltd. (Japanese: 株式会社ジェー・シー・スタッフ, J and C stand for Japan Creative), is a Japanese animation studio founded in January 1986 by Tomoyuki Miyata. The studio's first release was Yōtōden in 1987.",
		"date": "1986-01-18",
		"hq": "Musashino, Tokyo, Japan",
		"top": [
			{
				"title": "Toradora!",
				"aired": "2008-10-02",
				"views": 1244663,
				"image": "https://cdn.myanimelist.net/images/anime/13/22128.webp"
			},
			{
				"title": "Shokugeki no Souma",
				"aired": "2015-04-04",
				"views": 927020,
				"image": "https://cdn.myanimelist.net/images/anime/3/72943.webp"
			},
			{
				"title": "Dungeon ni Deai wo Motomeru no wa Machigatteiru Darou ka",
				"aired": "2015-04-04",
				"views": 826313,
				"image": "https://cdn.myanimelist.net/images/anime/2/70187.webp"
			}
		]
	},
	"Madhouse": {
		"name": "Madhouse Inc.",
		"image": "https://upload.wikimedia.org/wikipedia/commons/4/44/Madhouse_studio_logo.svg",
		"description": "Madhouse Inc. (Japanese: 株式会社マッドハウス, stylized as MADHOUSE) is a Japanese animation studio founded in 1972 by ex–Mushi Pro animators, including Masao Maruyama, Osamu Dezaki, Rintaro and Yoshiaki Kawajiri.",
		"date": "1972-10-17",
		"hq": "Honchō, Nakano, Tokyo, Japan",
		"top": [
			{
				"title": "Death Note",
				"aired": "2006-10-04",
				"views": 2041359,
				"image": "https://cdn.myanimelist.net/images/anime/9/9453.webp"
			},
			{
				"title": "One Punch Man",
				"aired": "2015-10-05",
				"views": 1649812,
				"image": "https://cdn.myanimelist.net/images/anime/12/76049.webp"
			},
			{
				"title": "No Game No Life",
				"aired": "2014-04-09",
				"views": 1420394,
				"image": "https://cdn.myanimelist.net/images/anime/5/65187.webp"
			}
		]
	},
	"Production I.G": {
		"name": "Production I.G",
		"image": "https://upload.wikimedia.org/wikipedia/commons/5/5a/Production_I.G_Logo.svg",
		"description": "Production I.G, Inc. (Japanese: 株式会社プロダクション・アイジー) is a Japanese anime studio and production enterprise. Production I.G has been involved in the creation of numerous anime television series, OVAs, theatrical films, and is further involved in video game design and development, as well as music publishing and management",
		"date": "1987-12-15",
		"hq": "Kokubunji, Tokyo, Japan",
		"top": [
			{
				"title": "Shingeki no Kyojin",
				"aired": "2013-04-07",
				"views": 1924940,
				"image": "https://cdn.myanimelist.net/images/anime/10/47347.webp"
			},
			{
				"title": "Psycho-Pass",
				"aired": "2012-10-12",
				"views": 1029868,
				"image": "https://cdn.myanimelist.net/images/anime/5/43399.webp"
			},
			{
				"title": "Guilty Crown",
				"aired": "2011-10-14",
				"views": 829748,
				"image": "https://cdn.myanimelist.net/images/anime/8/33713.webp"
			}
		]
	},
	"Studio Deen": {
		"name": "Studio DEEN",
		"image": "https://upload.wikimedia.org/wikipedia/commons/thumb/4/47/Studio_Deen_logo.svg/langfr-420px-Studio_Deen_logo.svg.png",
		"description": "Studio Deen Co. Ltd. (Japanese: 株式会社スタジオディーン, sometimes stylized as Studio DEEN) is a Japanese animation studio founded in 1975 by Sunrise producer Hiroshi Hasegawa and ex-Sunrise animators.",
		"date": "1975-03-14",
		"hq": "Musashino, Tokyo, Japan",
		"top": [
			{
				"title": "Kono Subarashii Sekai ni Shukufuku wo!",
				"aired": "2016-01-14",
				"views": 981992,
				"image": "https://cdn.myanimelist.net/images/anime/8/77831.webp"
			},
			{
				"title": "Fate/stay night",
				"aired": "2006-01-07",
				"views": 638208,
				"image": "https://cdn.myanimelist.net/images/anime/4/30327.webp"
			},
			{
				"title": "Higurashi no Naku Koro ni",
				"aired": "2006-04-05",
				"views": 556534,
				"image": "https://cdn.myanimelist.net/images/anime/12/19634.webp"
			}
		]
	},
	"Studio Pierrot": {
		"name": "Pierrot Co., Ltd.",
		"image": "https://upload.wikimedia.org/wikipedia/en/thumb/1/10/Studio_Pierrot.jpg/330px-Studio_Pierrot.jpg",
		"description": "Pierrot Co., Ltd. (株式会社ぴえろ, Kabushiki-gaisha Piero) is a Japanese animation studio established in May 1979 by former employees of Tatsunoko Production and Mushi Production. Its headquarters are located in Mitaka, Tokyo.",
		"date": "1979-05",
		"hq": "Mitaka, Tokyo, Japan",
		"top": [
			{
				"title": "Tokyo Ghoul",
				"aired": "2014-07-04",
				"views": 1483748,
				"image": "https://cdn.myanimelist.net/images/anime/5/64449.webp"
			},
			{
				"title": "Naruto",
				"aired": "2002-10-03",
				"views": 1407599,
				"image": "https://cdn.myanimelist.net/images/anime/13/17405.webp"
			},
			{
				"title": "Bleach",
				"aired": "2004-10-05",
				"views": 1074593,
				"image": "https://cdn.myanimelist.net/images/anime/3/40451.webp"
			}
		]
	},
	"Sunrise": {
		"name": "Sunrise Inc.",
		"image": "https://upload.wikimedia.org/wikipedia/fr/thumb/b/ba/Logo_studio_Sunrise.svg/langfr-420px-Logo_studio_Sunrise.svg.png",
		"description": "Sunrise Inc. (株式会社サンライズ, Kabushiki gaisha Sanraizu) is a Japanese animation studio and production company which is a subsidiary of Bandai Namco Holdings. Its former name was Nippon Sunrise and, before that, Sunrise Studio.",
		"date": "1972-09",
		"hq": "Suginami, Tokyo, Japon",
		"top": [
			{
				"title": "Code Geass: Hangyaku no Lelouch",
				"aired": "2006-10-06",
				"views": 1320108,
				"image": "https://cdn.myanimelist.net/images/anime/5/50331.webp"
			},
			{
				"title": "Cowboy Bebop",
				"aired": "1998-04-03",
				"views": 1010888,
				"image": "https://cdn.myanimelist.net/images/anime/4/19644.webp"
			},
			{
				"title": "Gintama",
				"aired": "2006-04-04",
				"views": 622610,
				"image": "https://cdn.myanimelist.net/images/anime/10/73274.webp"
			}
		]
	},
	"TMS Entertainment": {
		"name": "TMS Entertainment Co., Ltd.",
		"image": "https://upload.wikimedia.org/wikipedia/commons/thumb/b/b9/TMS_Entertainment_logo.svg/330px-TMS_Entertainment_logo.svg.png",
		"description": "TMS Entertainment Co., Ltd. (株式会社トムス・エンタテインメント), formerly known as Tokyo Movie Shinsha (東京ムービー新社 Tōkyō Mūbī Shinsha), is a Japanese animation studio founded in 1946. TMS is one of the oldest and most famous anime studios in Japan.",
		"date": "1946-10-22",
		"hq": "Nakano, Tokyo, Japan",
		"top": [
			{
				"title": "Dr. Stone",
				"aired": "2019-07-05",
				"views": 586120,
				"image": "https://cdn.myanimelist.net/images/anime/1613/102576.webp"
			},
			{
				"title": "ReLIFE",
				"aired": "2016-07-02",
				"views": 581702,
				"image": "https://cdn.myanimelist.net/images/anime/3/82149.webp"
			},
			{
				"title": "D-Gray-man",
				"aired": "2006-10-03",
				"views": 516107,
				"image": "https://cdn.myanimelist.net/images/anime/13/75194.webp"
			}
		]
	},
	"Toei Animation": {
		"name": "Toei Animation Co. Ltd.",
		"image": "https://upload.wikimedia.org/wikipedia/fr/a/a0/Logo_Toei_animation.svg",
		"description": "Toei Animation Co., Ltd. (東映アニメーション株式会社, Tōei Animēshon Kabushiki-gaisha), commonly referred to as Toei Animation, is a Japanese animation studio primarily controlled by its namesake Toei Company.",
		"date": "1948-01-23",
		"hq": "Oizumi, Nerima, Tokyo, Japan",
		"top": [
			{
				"title": "One Piece",
				"aired": "1999-10-20",
				"views": 1046200,
				"image": "https://cdn.myanimelist.net/images/anime/6/73245.webp"
			},
			{
				"title": "Dragon Ball",
				"aired": "1986-02-06",
				"views": 609525,
				"image": "https://cdn.myanimelist.net/images/anime/1887/92364.webp"
			},
			{
				"title": "Neon Genesis Evangelion: The End of Evangelion",
				"aired": "1997-07-04",
				"views": 440861,
				"image": "https://cdn.myanimelist.net/images/anime/12/39305.webp"
			}
		]
	}
}